{"Accuracy/ConvNet":0.7864,"_runtime":282.9554502,"Grand_Loss":0.7208051085472107,"Max_Std/ConvNet":0,"Synthetic_Images":{"size":17168,"path":"media/images/Synthetic_Images_500_5672b112408c532b856a.png","format":"png","width":1142,"height":116,"_type":"image-file","sha256":"5672b112408c532b856aef1a7371cc4e39b88d6b97128b8e3ad86ef284b24625"},"Synthetic_Pixels":{"_type":"histogram","values":[1,0,1,2,7,3,4,12,21,21,31,56,73,103,112,187,237,347,567,853,1248,1243,801,504,351,215,154,136,99,90,69,78,45,35,37,20,9,19,9,7,3,5,2,6,3,2,2,1,1,2,0,0,2,0,0,0,2,0,0,0,0,0,0,2],"bins":[-4.028635501861572,-3.840909481048584,-3.6531834602355957,-3.4654574394226074,-3.277731418609619,-3.090005397796631,-2.9022793769836426,-2.7145533561706543,-2.526827335357666,-2.3391013145446777,-2.1513752937316895,-1.9636492729187012,-1.775923252105713,-1.5881972312927246,-1.4004712104797363,-1.212745189666748,-1.0250191688537598,-0.8372931480407715,-0.6495671272277832,-0.4618411064147949,-0.27411508560180664,-0.08638906478881836,0.10133695602416992,0.2890629768371582,0.4767889976501465,0.6645150184631348,0.852241039276123,1.0399670600891113,1.2276930809020996,1.415419101715088,1.6031451225280762,1.7908711433410645,1.9785971641540527,2.166323184967041,2.3540492057800293,2.5417752265930176,2.729501247406006,2.917227268218994,3.1049532890319824,3.2926793098449707,3.480405330657959,3.6681313514709473,3.8558573722839355,4.043583393096924,4.231309413909912,4.4190354347229,4.606761455535889,4.794487476348877,4.982213497161865,5.1699395179748535,5.357665538787842,5.54539155960083,5.733117580413818,5.920843601226807,6.108569622039795,6.296295642852783,6.4840216636657715,6.67174768447876,6.859473705291748,7.047199726104736,7.234925746917725,7.422651767730713,7.610377788543701,7.7981038093566895,7.985829830169678]},"falts":3,"Reconstructed_Images":{"format":"png","width":1142,"height":116,"_type":"image-file","sha256":"51444cdd9a146e07b857c93f90d9a352deca34560ecff502d72af2748e0f1e8f","size":14905,"path":"media/images/Reconstructed_Images_500_51444cdd9a146e07b857.png"},"Synthetic_LR":0.010458928532898426,"_wandb":{"runtime":282},"Std/ConvNet":0,"Max_Accuracy/ConvNet":0.7864,"_step":500,"Pixels":{"bins":[-4.028635501861572,-3.840909481048584,-3.6531834602355957,-3.4654574394226074,-3.277731418609619,-3.090005397796631,-2.9022793769836426,-2.7145533561706543,-2.526827335357666,-2.3391013145446777,-2.1513752937316895,-1.9636492729187012,-1.775923252105713,-1.5881972312927246,-1.4004712104797363,-1.212745189666748,-1.0250191688537598,-0.8372931480407715,-0.6495671272277832,-0.4618411064147949,-0.27411508560180664,-0.08638906478881836,0.10133695602416992,0.2890629768371582,0.4767889976501465,0.6645150184631348,0.852241039276123,1.0399670600891113,1.2276930809020996,1.415419101715088,1.6031451225280762,1.7908711433410645,1.9785971641540527,2.166323184967041,2.3540492057800293,2.5417752265930176,2.729501247406006,2.917227268218994,3.1049532890319824,3.2926793098449707,3.480405330657959,3.6681313514709473,3.8558573722839355,4.043583393096924,4.231309413909912,4.4190354347229,4.606761455535889,4.794487476348877,4.982213497161865,5.1699395179748535,5.357665538787842,5.54539155960083,5.733117580413818,5.920843601226807,6.108569622039795,6.296295642852783,6.4840216636657715,6.67174768447876,6.859473705291748,7.047199726104736,7.234925746917725,7.422651767730713,7.610377788543701,7.7981038093566895,7.985829830169678],"_type":"histogram","values":[1,0,1,2,7,3,4,12,21,21,31,56,73,103,112,187,237,347,567,853,1248,1243,801,504,351,215,154,136,99,90,69,78,45,35,37,20,9,19,9,7,3,5,2,6,3,2,2,1,1,2,0,0,2,0,0,0,2,0,0,0,0,0,0,2]},"Start_Epoch":1,"Clipped_Synthetic_Images/std_2.5":{"width":1142,"height":116,"_type":"image-file","sha256":"485429471cdf232174519786a5507024e3a1a426dd04cf48018d2879646d54c3","size":18665,"path":"media/images/Clipped_Synthetic_Images/std_2.5_500_485429471cdf23217451.png","format":"png"},"_timestamp":1.73087730705266e+09,"Reconstructed_Pixels":{"_type":"histogram","values":[1,2,2,3,4,14,33,45,55,85,108,123,191,235,360,749,1946,1300,379,240,173,145,125,97,83,83,96,71,71,71,62,55,73,71,65,66,59,62,56,42,41,50,44,36,22,26,19,14,20,8,11,5,10,8,6,2,4,3,1,2,1,3,1,2],"bins":[-3.2103471755981445,-3.0462141036987305,-2.8820812702178955,-2.7179481983184814,-2.5538153648376465,-2.3896822929382324,-2.2255492210388184,-2.0614163875579834,-1.8972833156585693,-1.7331503629684448,-1.5690174102783203,-1.4048843383789062,-1.2407513856887817,-1.0766184329986572,-0.9124854207038879,-0.7483524084091187,-0.5842194557189941,-0.42008647322654724,-0.25595349073410034,-0.09182050824165344,0.07231247425079346,0.23644545674324036,0.40057843923568726,0.5647114515304565,0.728844404220581,0.8929773569107056,1.05711030960083,1.2212433815002441,1.3853763341903687,1.5495092868804932,1.7136423587799072,1.8777753114700317,2.0419082641601562,2.2060413360595703,2.3701741695404053,2.5343072414398193,2.6984400749206543,2.8625731468200684,3.0267062187194824,3.1908390522003174,3.3549721240997314,3.5191051959991455,3.6832380294799805,3.8473711013793945,4.011504173278809,4.175637245178223,4.3397698402404785,4.503902912139893,4.668035984039307,4.832169055938721,4.996302127838135,5.160434722900391,5.324567794799805,5.488700866699219,5.652833938598633,5.816967010498047,5.981100082397461,6.145232677459717,6.309365749359131,6.473498821258545,6.637631893157959,6.801764965057373,6.965897560119629,7.130030632019043,7.294163703918457]},"Progress":500}