{"Start_Epoch":1,"Max_Std/ConvNet":0,"_runtime":295.6428922,"_step":500,"Reconstructed_Images":{"path":"media/images/Reconstructed_Images_500_305ef5e1aa581ee4b755.png","format":"png","width":1142,"height":116,"_type":"image-file","sha256":"305ef5e1aa581ee4b7553f4c6e6c84fee129978033cc742cb63dec7fb9330631","size":14546},"Reconstructed_Pixels":{"bins":[-3.506169557571411,-3.310605525970459,-3.1150412559509277,-2.9194772243499756,-2.7239131927490234,-2.528348922729492,-2.33278489112854,-2.137220859527588,-1.9416567087173462,-1.7460925579071045,-1.5505284070968628,-1.3549643754959106,-1.159400224685669,-0.963836133480072,-0.7682720422744751,-0.5727078914642334,-0.3771438002586365,-0.18157969415187836,0.013984419405460358,0.20954853296279907,0.405112624168396,0.6006767749786377,0.7962408661842346,0.9918049573898315,1.1873691082000732,1.3829331398010254,1.578497290611267,1.7740614414215088,1.969625473022461,2.165189743041992,2.3607537746429443,2.5563178062438965,2.7518820762634277,2.94744610786438,3.143010139465332,3.338574171066284,3.5341384410858154,3.7297024726867676,3.9252665042877197,4.120830535888672,4.316394805908203,4.511959075927734,4.707522869110107,4.903087139129639,5.09865140914917,5.294215202331543,5.489779472351074,5.6853437423706055,5.8809075355529785,6.07647180557251,6.272036075592041,6.467599868774414,6.663164138793945,6.858728408813477,7.05429220199585,7.249856472015381,7.445420742034912,7.640984535217285,7.836548805236816,8.032113075256348,8.227677345275879,8.42324161529541,8.618804931640625,8.814369201660156,9.009933471679688],"_type":"histogram","values":[2,7,2,9,17,34,41,61,66,124,178,228,289,443,921,2181,910,311,159,148,137,129,101,95,108,86,76,85,79,64,58,59,68,62,65,53,55,42,40,38,26,20,31,24,17,16,13,14,8,9,5,4,4,4,5,0,0,2,0,1,2,1,2,1]},"Max_Accuracy/ConvNet":0.8534,"Pixels":{"values":[2,1,2,2,6,6,15,18,27,39,56,101,136,190,286,409,753,1281,1559,943,576,360,258,190,137,124,74,69,45,42,34,24,18,8,17,3,4,4,5,2,3,0,2,1,1,0,2,1,0,0,0,0,1,1,0,0,0,0,1,0,0,0,0,1],"bins":[-4.416266918182373,-4.181214332580566,-3.946161985397339,-3.7111096382141113,-3.4760570526123047,-3.241004705429077,-3.0059523582458496,-2.770899772644043,-2.5358474254608154,-2.300794839859009,-2.0657424926757812,-1.8306900262832642,-1.595637559890747,-1.36058509349823,-1.1255327463150024,-0.8904802799224854,-0.6554278135299683,-0.42037537693977356,-0.18532292544841766,0.049729518592357635,0.28478196263313293,0.5198343992233276,0.7548868656158447,0.989939272403717,1.224991798400879,1.4600441455841064,1.6950966119766235,1.9301490783691406,2.165201425552368,2.400254011154175,2.6353063583374023,2.870358943939209,3.1054112911224365,3.340463638305664,3.5755162239074707,3.8105685710906982,4.045620918273926,4.280673503875732,4.515726089477539,4.7507781982421875,4.985830783843994,5.220883369445801,5.455935955047607,5.690988063812256,5.9260406494140625,6.161093235015869,6.396145343780518,6.631197929382324,6.866250514984131,7.101302623748779,7.336355209350586,7.571407794952393,7.806460380554199,8.041512489318848,8.276564598083496,8.511617660522461,8.74666976928711,8.981722831726074,9.216774940490723,9.451827049255371,9.686880111694336,9.921932220458984,10.156984329223633,10.392037391662598,10.627089500427246],"_type":"histogram"},"Progress":500,"Clipped_Synthetic_Images/std_2.5":{"width":1142,"height":116,"_type":"image-file","sha256":"7124685c72614745c7ddcdc1581ed2654dee22c51b2b350570932970fd5ae71f","size":18602,"path":"media/images/Clipped_Synthetic_Images/std_2.5_500_7124685c72614745c7dd.png","format":"png"},"Grand_Loss":0.6856393218040466,"_timestamp":1.730906817503579e+09,"Synthetic_LR":0.01046278327703476,"Accuracy/ConvNet":0.8534,"Synthetic_Images":{"format":"png","width":1142,"height":116,"_type":"image-file","sha256":"81873dc18dc3b677dd2557e77cb7a84d115cd119c3cd7dbb9dbe0048a9483d8f","size":16652,"path":"media/images/Synthetic_Images_500_81873dc18dc3b677dd25.png"},"Synthetic_Pixels":{"bins":[-4.416266918182373,-4.181214332580566,-3.946161985397339,-3.7111096382141113,-3.4760570526123047,-3.241004705429077,-3.0059523582458496,-2.770899772644043,-2.5358474254608154,-2.300794839859009,-2.0657424926757812,-1.8306900262832642,-1.595637559890747,-1.36058509349823,-1.1255327463150024,-0.8904802799224854,-0.6554278135299683,-0.42037537693977356,-0.18532292544841766,0.049729518592357635,0.28478196263313293,0.5198343992233276,0.7548868656158447,0.989939272403717,1.224991798400879,1.4600441455841064,1.6950966119766235,1.9301490783691406,2.165201425552368,2.400254011154175,2.6353063583374023,2.870358943939209,3.1054112911224365,3.340463638305664,3.5755162239074707,3.8105685710906982,4.045620918273926,4.280673503875732,4.515726089477539,4.7507781982421875,4.985830783843994,5.220883369445801,5.455935955047607,5.690988063812256,5.9260406494140625,6.161093235015869,6.396145343780518,6.631197929382324,6.866250514984131,7.101302623748779,7.336355209350586,7.571407794952393,7.806460380554199,8.041512489318848,8.276564598083496,8.511617660522461,8.74666976928711,8.981722831726074,9.216774940490723,9.451827049255371,9.686880111694336,9.921932220458984,10.156984329223633,10.392037391662598,10.627089500427246],"_type":"histogram","values":[2,1,2,2,6,6,15,18,27,39,56,101,136,190,286,409,753,1281,1559,943,576,360,258,190,137,124,74,69,45,42,34,24,18,8,17,3,4,4,5,2,3,0,2,1,1,0,2,1,0,0,0,0,1,1,0,0,0,0,1,0,0,0,0,1]},"Std/ConvNet":0,"_wandb":{"runtime":295}}