{"_runtime":2.9341606000000002,"_step":0,"_wandb":{"runtime":2},"Progress":0,"_timestamp":1.7308767564587457e+09,"Synthetic_LR":0.009999999776482582}