{"Synthetic_Images":{"width":1142,"height":116,"_type":"image-file","sha256":"beaf377c266b64376081285b50d9b058c684cca06e3504189094c0785c91a300","size":17246,"path":"media/images/Synthetic_Images_500_beaf377c266b64376081.png","format":"png"},"Synthetic_LR":0.010542423464357853,"_wandb":{"runtime":290},"Pixels":{"values":[1,1,1,1,1,6,3,4,14,9,20,30,40,63,87,111,136,213,332,449,705,1047,1354,970,630,416,249,200,157,100,85,89,64,60,34,30,32,22,17,12,11,5,8,4,4,1,1,0,2,1,1,0,1,1,1,1,0,0,1,0,0,0,0,2],"bins":[-4.371057987213135,-4.179441452026367,-3.987825393676758,-3.7962088584899902,-3.6045925617218018,-3.4129762649536133,-3.221359968185425,-3.0297436714172363,-2.8381271362304688,-2.6465108394622803,-2.454894542694092,-2.2632782459259033,-2.071661949157715,-1.8800455331802368,-1.6884292364120483,-1.4968128204345703,-1.3051965236663818,-1.1135802268981934,-0.9219638109207153,-0.7303475141525269,-0.5387311577796936,-0.34711480140686035,-0.1554984748363495,0.03611786663532257,0.22773420810699463,0.4193505644798279,0.6109669208526611,0.8025832176208496,0.9941995739936829,1.1858159303665161,1.3774322271347046,1.5690486431121826,1.760664939880371,1.9522812366485596,2.143897533416748,2.3355140686035156,2.527130365371704,2.7187466621398926,2.910362958908081,3.1019792556762695,3.293595790863037,3.4852120876312256,3.676828384399414,3.8684446811676025,4.060060977935791,4.251677513122559,4.443293571472168,4.6349101066589355,4.826526641845703,5.0181427001953125,5.20975923538208,5.4013752937316895,5.592991828918457,5.784607887268066,5.976224422454834,6.167840957641602,6.359457015991211,6.5510735511779785,6.742689609527588,6.9343061447143555,7.125922679901123,7.317538738250732,7.5091552734375,7.700771331787109,7.892387866973877],"_type":"histogram"},"_step":500,"Accuracy/ConvNet":0.8224,"Grand_Loss":0.7034175395965576,"Max_Std/ConvNet":0,"Max_Accuracy/ConvNet":0.8224,"Reconstructed_Pixels":{"values":[2,1,1,2,6,12,21,25,34,67,80,112,175,237,358,765,2042,1217,396,214,187,151,114,117,96,101,93,86,68,77,63,54,65,75,63,67,55,71,50,62,56,41,37,40,28,22,25,17,16,10,10,13,8,9,6,5,5,3,0,1,2,0,2,2],"bins":[-3.309432029724121,-3.1386632919311523,-2.9678945541381836,-2.797125816345215,-2.626357078552246,-2.4555883407592773,-2.2848196029663086,-2.11405086517334,-1.9432820081710815,-1.7725132703781128,-1.601744532585144,-1.4309757947921753,-1.260206937789917,-1.0894381999969482,-0.9186694622039795,-0.7479007244110107,-0.577131986618042,-0.40636324882507324,-0.2355944812297821,-0.06482572853565216,0.10594302415847778,0.27671176195144653,0.44748052954673767,0.6182492971420288,0.7890180349349976,0.9597867727279663,1.130555510520935,1.3013242483139038,1.472093105316162,1.6428618431091309,1.8136305809020996,1.9843993186950684,2.155168056488037,2.325936794281006,2.4967055320739746,2.6674742698669434,2.838243007659912,3.009011745452881,3.1797804832458496,3.3505492210388184,3.521317958831787,3.692086935043335,3.8628556728363037,4.033624172210693,4.204392910003662,4.375161647796631,4.5459303855896,4.716699123382568,4.887468338012695,5.058237075805664,5.229005813598633,5.399774551391602,5.57054328918457,5.741312026977539,5.912080764770508,6.082849502563477,6.253618240356445,6.424386978149414,6.595155715942383,6.765924453735352,6.93669319152832,7.107461929321289,7.278230667114258,7.448999404907227,7.619768142700195],"_type":"histogram"},"Synthetic_Pixels":{"bins":[-4.371057987213135,-4.179441452026367,-3.987825393676758,-3.7962088584899902,-3.6045925617218018,-3.4129762649536133,-3.221359968185425,-3.0297436714172363,-2.8381271362304688,-2.6465108394622803,-2.454894542694092,-2.2632782459259033,-2.071661949157715,-1.8800455331802368,-1.6884292364120483,-1.4968128204345703,-1.3051965236663818,-1.1135802268981934,-0.9219638109207153,-0.7303475141525269,-0.5387311577796936,-0.34711480140686035,-0.1554984748363495,0.03611786663532257,0.22773420810699463,0.4193505644798279,0.6109669208526611,0.8025832176208496,0.9941995739936829,1.1858159303665161,1.3774322271347046,1.5690486431121826,1.760664939880371,1.9522812366485596,2.143897533416748,2.3355140686035156,2.527130365371704,2.7187466621398926,2.910362958908081,3.1019792556762695,3.293595790863037,3.4852120876312256,3.676828384399414,3.8684446811676025,4.060060977935791,4.251677513122559,4.443293571472168,4.6349101066589355,4.826526641845703,5.0181427001953125,5.20975923538208,5.4013752937316895,5.592991828918457,5.784607887268066,5.976224422454834,6.167840957641602,6.359457015991211,6.5510735511779785,6.742689609527588,6.9343061447143555,7.125922679901123,7.317538738250732,7.5091552734375,7.700771331787109,7.892387866973877],"_type":"histogram","values":[1,1,1,1,1,6,3,4,14,9,20,30,40,63,87,111,136,213,332,449,705,1047,1354,970,630,416,249,200,157,100,85,89,64,60,34,30,32,22,17,12,11,5,8,4,4,1,1,0,2,1,1,0,1,1,1,1,0,0,1,0,0,0,0,2]},"Start_Epoch":1,"Clipped_Synthetic_Images/std_2.5":{"format":"png","width":1142,"height":116,"_type":"image-file","sha256":"de1ca92d1da388eb2b2d1e9a19ac825e66f68293610e8196c47a507574f06256","size":18667,"path":"media/images/Clipped_Synthetic_Images/std_2.5_500_de1ca92d1da388eb2b2d.png"},"_timestamp":1.7308766612667916e+09,"_runtime":290.8903174,"Std/ConvNet":0,"Progress":500,"falts":3,"Reconstructed_Images":{"_type":"image-file","sha256":"1ed3418b0f1d25bda973e573e20e9bb0cfd1cb49c7df5aebf8ef35eec57c98f8","size":14841,"path":"media/images/Reconstructed_Images_500_1ed3418b0f1d25bda973.png","format":"png","width":1142,"height":116}}